room_name,feature_name
King 136,A/V Control System- Button Panel
King 136,Apple TV
King 136,Audio System
King 136,Document Camera- PC Hover Solo 8
King 136,Instructor Console
King 136,Laptop Connection- HDMI
King 136,PC
King 136,Projector
King 136,Screen- Electric
King 136,Wireless Microphone Sennheiser
King 148,A/V Control System- Button Panel
King 148,Apple TV
King 148,Audio System
King 148,Document Camera- PC Hover Solo 8
King 148,Instructor Console
King 148,Laptop Connection- HDMI
King 148,PC
King 148,Projector
King 148,Screen- Electric
King 148,Shure Ceiling Microphone
King 148,Wireless Connection
King 159,A/V Control System- Button Panel
King 159,Apple TV
King 159,Audio System
King 159,Document Camera- PC Hover Solo 8
King 159,Instructor Console
King 159,Laptop Connection- HDMI
King 159,PC
King 159,Projector
King 159,Screen- Electric
King 159,Wireless Microphone Sennheiser
King 236,A/V Control System- Button Panel
King 236,Apple TV
King 236,Audio System
King 236,Document Camera- PC Hover Solo 8
King 236,Instructor Console
King 236,Laptop Connection- HDMI
King 236,PC
King 236,Projector
King 236,Screen- Electric
King 236,Shure Ceiling Microphone
King 236,Wireless Connection
King 236,Wireless Microphone Sennheiser
King 243,A/V Control System- Button Panel
King 243,Apple TV
King 243,Audio System
King 243,Document Camera- PC Hover Solo 8
King 243,Instructor Console
King 243,Laptop Connection- HDMI
King 243,PC
King 243,Projector
King 243,Screen- Manual
King 243,Wireless Connection
King 248,Document Camera- PC Hover Solo 8
King 248,Instructor Console
King 248,Laptop Connection- HDMI
King 248,PC
King 248,Projector
King 248,Screen- Manual
King 248,Wireless Microphone Sennheiser
King 250,Audio System
King 250,Document Camera- PC Hover Solo 8
King 250,Instructor Console
King 250,Laptop Connection- HDMI
King 250,PC
King 250,Projector
King 250,Screen- Electric
King 259,A/V Control System- Button Panel
King 259,Apple TV
King 259,Audio System
King 259,Document Camera- PC Hover Solo 8
King 259,Instructor Console
King 259,Laptop Connection- HDMI
King 259,PC
King 259,Projector
King 259,Screen- Electric
King 259,Wireless Microphone Sennheiser
King 336,A/V Control System- Button Panel
King 336,Apple TV
King 336,Audio System
King 336,Instructor Console
King 336,Laptop Connection- HDMI
King 336,PC
King 336,Projector
King 336,Screen- Electric
King 336,Wireless Connection
King 348,A/V Control System- Button Panel
King 348,Audio System
King 348,Instructor Console
King 348,PC
King 348,Projector
King 348,Screen- Electric
King 350,A/V Control System- Button Panel
King 350,Audio System
King 350,Instructor Console
King 350,PC
King 350,Projector
King 350,Screen- Electric
EnGeo 1204,A/V Control System- Button Panel
EnGeo 1204,Audio System
EnGeo 1204,Document Camera- PC Hover Solo 8
EnGeo 1204,Instructor Console
EnGeo 1204,Laptop Connection- HDMI
EnGeo 1204,PC
EnGeo 1204,Projector
EnGeo 1204,Screen- Electric
EnGeo 1204,Shure Ceiling Microphone
EnGeo 1207,A/V Control System- Button Panel
EnGeo 1207,Audio System
EnGeo 1207,Document Camera- PC Hover Solo 8
EnGeo 1207,Instructor Console
EnGeo 1207,Laptop Connection- HDMI
EnGeo 1207,PC
EnGeo 1207,Projector
EnGeo 1207,Screen- Electric
EnGeo 1208,A/V Control System- Button Panel
EnGeo 1208,Audio System
EnGeo 1208,Document Camera- PC Hover Solo 8
EnGeo 1208,Instructor Console
EnGeo 1208,Laptop Connection- HDMI
EnGeo 1208,PC
EnGeo 1208,Screen- Electric
EnGeo 1208,Shure Ceiling Microphone
EnGeo 1209,A/V Control System- Button Panel
EnGeo 1209,Audio System
EnGeo 1209,Document Camera- PC Hover Solo 8
EnGeo 1209,Instructor Console
EnGeo 1209,Laptop Connection- HDMI
EnGeo 1209,PC
EnGeo 1209,Projector
EnGeo 1209,Screen- Electric
EnGeo 1209,Shure Ceiling Microphone
EnGeo 1210,A/V Control System- Button Panel
EnGeo 1210,Audio System
EnGeo 1210,Document Camera- PC Hover Solo 8
EnGeo 1210,Instructor Console
EnGeo 1210,Laptop Connection- HDMI
EnGeo 1210,PC
EnGeo 1210,Projector
EnGeo 1210,Screen- Electric
EnGeo 1210,Shure Ceiling Microphone
EnGeo 1301,A/V Control System- Touch Panel
EnGeo 1301,Apple TV
EnGeo 1301,Audio System
EnGeo 1301,Document Camera- PC Hover Solo 8
EnGeo 1301,Instructor Console
EnGeo 1301,Laptop Connection- HDMI
EnGeo 1301,PC
EnGeo 1301,Projector
EnGeo 1301,Screen- Electric
EnGeo 1301,Wireless Connection
EnGeo 1301,Wireless Microphone Sennheiser
EnGeo 1302,A/V Control System- Touch Panel
EnGeo 1302,Apple TV
EnGeo 1302,Audio System
EnGeo 1302,Document Camera- PC Hover Solo 8
EnGeo 1302,Instructor Console
EnGeo 1302,Laptop Connection- HDMI
EnGeo 1302,PC
EnGeo 1302,Projector
EnGeo 1302,Screen- Electric
EnGeo 1302,Wireless Connection
EnGeo 1302,Wireless Microphone Sennheiser
EnGeo 2204,A/V Control System- Button Panel
EnGeo 2204,Audio System
EnGeo 2204,Document Camera- PC Hover Solo 8
EnGeo 2204,Instructor Console
EnGeo 2204,Laptop Connection- HDMI
EnGeo 2204,PC
EnGeo 2204,Projector
EnGeo 2204,Screen- Electric
EnGeo 2204,Wireless Connection
EnGeo 2204,Wireless Microphone Sennheiser
EnGeo 2208,A/V Control System- Button Panel
EnGeo 2208,Audio System
EnGeo 2208,Document Camera- PC Hover Solo 8
EnGeo 2208,Instructor Console
EnGeo 2208,Laptop Connection- HDMI
EnGeo 2208,PC
EnGeo 2208,Projector
EnGeo 2208,Screen- Electric
EnGeo 2208,Wireless Connection
EnGeo 2210,A/V Control System- Button Panel
EnGeo 2210,Apple TV
EnGeo 2210,Audio System
EnGeo 2210,Document Camera- PC Hover Solo 8
EnGeo 2210,Instructor Console
EnGeo 2210,Laptop Connection- HDMI
EnGeo 2210,PC
EnGeo 2210,Projector
EnGeo 2210,Screen- Electric
EnGeo 2210,Shure Ceiling Microphone
EnGeo 2210,Wireless Connection
EnGeo 2301,A/V Control System- Touch Panel
EnGeo 2301,Apple TV
EnGeo 2301,Audio System
EnGeo 2301,Document Camera- PC Hover Solo 8
EnGeo 2301,Instructor Console
EnGeo 2301,Laptop Connection- HDMI
EnGeo 2301,PC
EnGeo 2301,Projector
EnGeo 2301,Screen- Electric
EnGeo 2301,Wireless Connection
EnGeo 2301,Wireless Microphone Sennheiser
EnGeo 3009,A/V Control System- Button Panel
EnGeo 3009,Apple TV
EnGeo 3009,Audio System
EnGeo 3009,Document Camera- PC Hover Solo 8
EnGeo 3009,Instructor Console
EnGeo 3009,Laptop Connection- HDMI
EnGeo 3009,PC
EnGeo 3009,Projector
EnGeo 3009,Screen- Electric
EnGeo 3009,Wireless Connection
EnGeo 3107,A/V Control System- Button Panel
EnGeo 3107,Audio System
EnGeo 3107,Instructor Console
EnGeo 3107,Laptop Connection- HDMI
EnGeo 3107,PC
EnGeo 3107,Projector
EnGeo 3107,Screen- Electric
